Apoe4,Subgroup,Gender,GDS,RAVLT_delay,RAVLT_recog,CFT,ANART_errors,RAVLT_im,TMT_A,TMT_B,AGE,HC_vol
Y,cAD,F,1,0,4,10,7,29,52,90,81.7,0.00409864470638509
Y,cAD,M,2,5,10,17,18,31,32,102,74.3,0.00362110694687616
Y,sMCI,F,2,12,14,28,7,55,13,74,65.6,0.00648571746981946
